{"v":"5.7.1","fr":25,"ip":0,"op":151,"w":100,"h":97,"nm":"02_how_it_work","ddd":0,"assets":[],"layers":[{"ddd":0,"ind":1,"ty":4,"nm":"ÐÑÐ¸Ð²ÑÐµ Ð¡Ð»Ð¾Ð¹ 2","sr":1,"ks":{"o":{"a":0,"k":100,"ix":11},"r":{"a":1,"k":[{"i":{"x":[0],"y":[1]},"o":{"x":[1],"y":[0]},"t":0,"s":[0]},{"i":{"x":[0],"y":[1]},"o":{"x":[1],"y":[0]},"t":74,"s":[360]},{"t":150,"s":[720]}],"ix":10},"p":{"a":0,"k":[49.875,48.401,0],"ix":2},"a":{"a":0,"k":[25.954,24.7,0],"ix":1},"s":{"a":0,"k":[100,100,100],"ix":6}},"ao":0,"shapes":[{"ty":"gr","it":[{"ind":0,"ty":"sh","ix":1,"ks":{"a":0,"k":{"i":[[0.865,0.506],[0.554,-0.68],[9.885,0.014],[0,0],[1.285,-0.206],[-0.158,-0.99],[-0.997,0.156],[-1.114,0],[0,0],[-3.353,-7.34],[0.38,-0.655],[-0.865,-0.505],[0,0],[-0.312,0],[-0.337,0.578],[0,0]],"o":[[-0.783,-0.459],[-3.763,-9.049],[0,0],[-1.306,0],[-0.991,0.159],[0.159,0.989],[1.094,-0.177],[0,0],[8.178,0.011],[-0.706,-0.097],[-0.506,0.867],[0,0],[0.289,0.169],[0.624,0],[0,0],[0.506,-0.866]],"v":[[14.662,3.964],[12.343,4.381],[-10.206,-10.684],[-10.252,-10.684],[-14.156,-10.374],[-15.661,-8.292],[-13.579,-6.788],[-10.252,-7.053],[-10.212,-7.053],[8.704,5.12],[6.891,6.003],[7.541,8.486],[10.879,10.437],[11.794,10.684],[13.362,9.785],[15.313,6.447]],"c":true},"ix":2},"nm":"ÐÐ¾Ð½ÑÑÑ 1","mn":"ADBE Vector Shape - Group","hd":false},{"ty":"fl","c":{"a":0,"k":[0.161000001197,0.169000004787,0.176000004189,1],"ix":4},"o":{"a":0,"k":100,"ix":5},"r":1,"bm":0,"nm":"ÐÐ°Ð»Ð¸Ð²ÐºÐ° 1","mn":"ADBE Vector Graphic - Fill","hd":false},{"ty":"tr","p":{"a":0,"k":[35.839,10.934],"ix":2},"a":{"a":0,"k":[0,0],"ix":1},"s":{"a":0,"k":[100,100],"ix":3},"r":{"a":0,"k":0,"ix":6},"o":{"a":0,"k":100,"ix":7},"sk":{"a":0,"k":0,"ix":4},"sa":{"a":0,"k":0,"ix":5},"nm":"ÐÑÐµÐ¾Ð±ÑÐ°Ð·Ð¾Ð²Ð°ÑÑ"}],"nm":"ÐÑÑÐ¿Ð¿Ð° 1","np":2,"cix":2,"bm":0,"ix":1,"mn":"ADBE Vector Group","hd":false},{"ty":"gr","it":[{"ind":0,"ty":"sh","ix":1,"ks":{"a":0,"k":{"i":[[0.687,-0.73],[5.797,0],[0,0],[-0.015,11.479],[-0.837,2.276],[-0.571,0],[-0.261,0.131],[0.451,0.894],[0,0],[0.457,0.152],[0.43,-0.218],[0,0],[-0.451,-0.896],[-0.737,0.088],[0.004,-2.799],[-13.482,-0.018],[0,0],[-4.604,4.885],[0.731,0.688]],"o":[[-3.979,4.221],[0,0],[-11.479,-0.016],[0.004,-2.469],[0.347,0.478],[0.275,0],[0.896,-0.451],[0,0],[-0.217,-0.43],[-0.46,-0.149],[0,0],[-0.895,0.45],[0.354,0.701],[-0.918,2.593],[-0.018,13.482],[0,0],[6.711,0],[0.688,-0.73],[-0.727,-0.685]],"v":[[18.587,8.83],[3.432,15.374],[3.402,15.374],[-17.388,-5.473],[-16.121,-12.613],[-14.651,-11.864],[-13.837,-12.058],[-13.031,-14.496],[-14.771,-17.948],[-15.824,-18.856],[-17.21,-18.752],[-20.663,-17.01],[-21.466,-14.572],[-19.628,-13.59],[-21.02,-5.478],[3.398,19.005],[3.428,19.005],[21.23,11.32],[21.152,8.753]],"c":true},"ix":2},"nm":"ÐÐ¾Ð½ÑÑÑ 1","mn":"ADBE Vector Shape - Group","hd":false},{"ty":"fl","c":{"a":0,"k":[0.161000001197,0.169000004787,0.176000004189,1],"ix":4},"o":{"a":0,"k":100,"ix":5},"r":1,"bm":0,"nm":"ÐÐ°Ð»Ð¸Ð²ÐºÐ° 1","mn":"ADBE Vector Graphic - Fill","hd":false},{"ty":"tr","p":{"a":0,"k":[22.167,30.145],"ix":2},"a":{"a":0,"k":[0,0],"ix":1},"s":{"a":0,"k":[100,100],"ix":3},"r":{"a":0,"k":0,"ix":6},"o":{"a":0,"k":100,"ix":7},"sk":{"a":0,"k":0,"ix":4},"sa":{"a":0,"k":0,"ix":5},"nm":"ÐÑÐµÐ¾Ð±ÑÐ°Ð·Ð¾Ð²Ð°ÑÑ"}],"nm":"ÐÑÑÐ¿Ð¿Ð° 2","np":2,"cix":2,"bm":0,"ix":2,"mn":"ADBE Vector Group","hd":false}],"ip":0,"op":426,"st":0,"bm":0},{"ddd":0,"ind":2,"ty":4,"nm":"ÐÑÐ¸Ð²ÑÐµ Layer 1","sr":1,"ks":{"o":{"a":0,"k":100,"ix":11},"r":{"a":1,"k":[{"i":{"x":[0.833],"y":[0.833]},"o":{"x":[0.167],"y":[0.167]},"t":0,"s":[0]},{"t":150,"s":[360]}],"ix":10},"p":{"a":0,"k":[49.52,48.401,0],"ix":2},"a":{"a":0,"k":[46.551,46.548,0],"ix":1},"s":{"a":0,"k":[100,100,100],"ix":6}},"ao":0,"shapes":[{"ty":"gr","it":[{"ind":0,"ty":"sh","ix":1,"ks":{"a":0,"k":{"i":[[-1.601,1.597],[-2.257,0],[0,0],[0.006,-4.667],[1.6,-1.596],[2.258,0],[0,0],[-0.006,4.666]],"o":[[1.598,-1.593],[0,0],[4.667,0.006],[-0.002,2.262],[-1.599,1.595],[0,0],[-4.666,-0.007],[0.002,-2.261]],"v":[[-5.977,-5.993],[-0.001,-8.464],[0.012,-8.464],[8.464,0.01],[5.978,5.992],[-0.001,8.464],[-0.012,8.464],[-8.465,-0.012]],"c":true},"ix":2},"nm":"ÐÐ¾Ð½ÑÑÑ 1","mn":"ADBE Vector Shape - Group","hd":false},{"ind":1,"ty":"sh","ix":2,"ks":{"a":0,"k":{"i":[[-6.668,-0.009],[0,0],[-0.008,6.664],[6.669,0.009],[0,0],[2.282,-2.276],[0.003,-3.23]],"o":[[0,0],[6.663,0],[0.009,-6.67],[0,0],[-3.225,0],[-2.288,2.281],[-0.008,6.669]],"v":[[-0.018,12.096],[-0.001,12.096],[12.094,0.016],[0.016,-12.096],[-0.001,-12.096],[-8.542,-8.564],[-12.096,-0.017]],"c":true},"ix":2},"nm":"ÐÐ¾Ð½ÑÑÑ 2","mn":"ADBE Vector Shape - Group","hd":false},{"ty":"mm","mm":1,"nm":"ÐÐ±ÑÐµÐ´Ð¸Ð½Ð¸ÑÑ ÐºÐ¾Ð½ÑÑÑÑ 1","mn":"ADBE Vector Filter - Merge","hd":false},{"ty":"fl","c":{"a":0,"k":[0.161000001197,0.169000004787,0.176000004189,1],"ix":4},"o":{"a":0,"k":100,"ix":5},"r":1,"bm":0,"nm":"ÐÐ°Ð»Ð¸Ð²ÐºÐ° 1","mn":"ADBE Vector Graphic - Fill","hd":false},{"ty":"tr","p":{"a":0,"k":[46.551,46.548],"ix":2},"a":{"a":0,"k":[0,0],"ix":1},"s":{"a":0,"k":[100,100],"ix":3},"r":{"a":0,"k":0,"ix":6},"o":{"a":0,"k":100,"ix":7},"sk":{"a":0,"k":0,"ix":4},"sa":{"a":0,"k":0,"ix":5},"nm":"ÐÑÐµÐ¾Ð±ÑÐ°Ð·Ð¾Ð²Ð°ÑÑ"}],"nm":"ÐÑÑÐ¿Ð¿Ð° 1","np":4,"cix":2,"bm":0,"ix":1,"mn":"ADBE Vector Group","hd":false},{"ty":"gr","it":[{"ind":0,"ty":"sh","ix":1,"ks":{"a":0,"k":{"i":[[0.46,-0.817],[0.287,0],[0,0],[0,0],[0,0],[0.558,-2.05],[1.354,-2.35],[-1.54,-1.546],[0,0],[0.076,-0.266],[1.555,-1.551],[0.902,-0.253],[0.202,0.205],[0,0],[1.851,-1.059],[2.604,-0.702],[0.003,-2.183],[0,0],[0.241,-0.134],[2.184,0],[0,0],[0.815,0.457],[0,0.289],[0,0],[2.052,0.557],[2.346,1.352],[0.803,0],[0.941,-0.939],[0,0],[0.266,0.073],[1.551,1.555],[0.253,0.899],[-0.203,0.203],[0,0],[1.059,1.852],[0.702,2.602],[2.184,0.004],[0,0],[0.133,0.239],[-0.003,2.2],[-0.455,0.814],[-0.287,0],[0,0],[0,0],[0,0],[-0.557,2.049],[-1.354,2.351],[1.542,1.547],[0,0],[-0.076,0.266],[-1.558,1.552],[-0.899,0.251],[-0.202,-0.204],[0,0],[-1.85,1.06],[-2.608,0.702],[-0.002,2.182],[0,0],[-0.24,0.134],[-2.185,0],[0,0],[-0.816,-0.458],[0,-0.288],[0,0],[-2.052,-0.558],[-2.349,-1.353],[-1.547,1.542],[0,0],[-0.269,-0.074],[-1.551,-1.554],[-0.253,-0.898],[0.205,-0.203],[0,0],[-1.06,-1.851],[-0.702,-2.603],[-2.183,-0.003],[0,0],[-0.135,-0.243],[0.003,-2.194]],"o":[[-0.133,0.238],[0,0],[0,0],[0,0],[-2.182,0],[-0.708,2.603],[-1.065,1.848],[0,0],[0.202,0.203],[-0.256,0.899],[-1.556,1.553],[-0.269,0.078],[0,0],[-1.54,-1.545],[-2.354,1.348],[-2.055,0.552],[0,0],[0,0.289],[-0.815,0.454],[0,0],[-2.198,-0.004],[-0.24,-0.134],[0,0],[0.003,-2.185],[-2.605,-0.71],[-0.723,-0.417],[-1.248,0],[0,0],[-0.203,0.202],[-0.901,-0.256],[-1.55,-1.556],[-0.076,-0.266],[0,0],[1.545,-1.542],[-1.347,-2.353],[-0.552,-2.054],[0,0],[-0.287,0],[-0.455,-0.816],[0.003,-2.194],[0.137,-0.243],[0,0],[0,0],[0,0],[2.182,0],[0.708,-2.602],[1.064,-1.847],[0,0],[-0.204,-0.205],[0.254,-0.899],[1.556,-1.552],[0.269,-0.076],[0,0],[1.54,1.545],[2.351,-1.347],[2.053,-0.554],[0,0],[0,-0.288],[0.815,-0.454],[0,0],[2.197,0.004],[0.24,0.135],[0,0],[-0.004,2.184],[2.602,0.709],[1.849,1.066],[0,0],[0.205,-0.202],[0.898,0.256],[1.55,1.556],[0.076,0.266],[0,0],[-1.547,1.541],[1.348,2.353],[0.551,2.054],[0,0],[0.287,0],[0.455,0.816],[-0.004,2.199]],"v":[[41.657,4.507],[40.987,4.886],[40.986,4.886],[35.302,4.878],[35.299,4.878],[30.646,8.357],[27.538,15.821],[28.347,21.585],[32.368,25.615],[32.57,26.365],[30.129,30.21],[26.271,32.643],[25.527,32.436],[21.507,28.406],[15.746,27.581],[8.275,30.669],[4.783,35.318],[4.775,40.999],[4.39,41.673],[-0.039,42.667],[-0.058,42.667],[-4.502,41.661],[-4.885,40.986],[-4.878,35.305],[-8.357,30.648],[-15.82,27.538],[-18.15,26.919],[-21.584,28.348],[-25.615,32.368],[-26.359,32.574],[-30.211,30.131],[-32.642,26.277],[-32.436,25.527],[-28.406,21.508],[-27.581,15.745],[-30.669,8.277],[-35.317,4.783],[-41,4.777],[-41.672,4.394],[-42.667,-0.057],[-41.664,-4.497],[-40.988,-4.885],[-40.987,-4.885],[-35.302,-4.878],[-35.299,-4.878],[-30.647,-8.357],[-27.538,-15.82],[-28.349,-21.585],[-32.367,-25.613],[-32.571,-26.363],[-30.129,-30.21],[-26.277,-32.641],[-25.528,-32.434],[-21.508,-28.406],[-15.747,-27.581],[-8.274,-30.669],[-4.784,-35.315],[-4.776,-40.999],[-4.391,-41.673],[0.039,-42.667],[0.058,-42.667],[4.502,-41.66],[4.885,-40.986],[4.878,-35.303],[8.356,-30.646],[15.819,-27.538],[21.584,-28.348],[25.613,-32.367],[26.364,-32.572],[30.21,-30.13],[32.641,-26.277],[32.435,-25.527],[28.406,-21.507],[27.58,-15.745],[30.669,-8.275],[35.316,-4.783],[40.999,-4.775],[41.674,-4.387],[42.667,0.058]],"c":true},"ix":2},"nm":"ÐÐ¾Ð½ÑÑÑ 1","mn":"ADBE Vector Shape - Group","hd":false},{"ind":1,"ty":"sh","ix":2,"ks":{"a":0,"k":{"i":[[0.665,1.192],[0,0],[1.596,0.002],[0,0],[0.125,0.468],[1.502,2.624],[-0.381,0.379],[0,0],[0.431,1.529],[2.102,2.109],[1.313,0.373],[1.133,-1.126],[0,0],[0.423,0.245],[2.904,0.791],[-0.001,0.538],[0,0],[1.382,0.775],[2.98,0.005],[0,0],[1.191,-0.663],[0.002,-1.598],[0,0],[0.464,-0.126],[2.621,-1.501],[0.379,0.382],[0,0],[1.526,-0.424],[2.109,-2.104],[0.371,-1.313],[-1.129,-1.132],[0,0],[0.243,-0.423],[0.789,-2.903],[0.538,0],[0,0],[0,0],[0,0],[0.776,-1.385],[0.005,-2.976],[-0.666,-1.192],[-1.597,-0.002],[0,0],[-0.125,-0.467],[-1.502,-2.623],[0.381,-0.379],[0,0],[-0.43,-1.526],[-2.102,-2.108],[-1.318,-0.374],[-1.13,1.126],[0,0],[-0.425,-0.246],[-2.906,-0.792],[0.002,-0.539],[0,0],[-1.382,-0.775],[-2.98,-0.005],[0,0],[-1.191,0.663],[-0.002,1.598],[0,0],[-0.465,0.125],[-2.624,1.503],[-0.377,-0.382],[0,0],[-1.517,0.426],[-2.108,2.104],[-0.373,1.312],[1.128,1.131],[0,0],[-0.244,0.423],[-0.79,2.905],[-0.538,0],[0,0],[0,0],[0,0],[-0.771,1.377],[-0.005,2.983]],"o":[[0,0],[-0.773,-1.386],[0,0],[-0.538,0],[-0.783,-2.903],[-0.243,-0.423],[0,0],[1.131,-1.128],[-0.371,-1.315],[-2.104,-2.108],[-1.527,-0.432],[0,0],[-0.381,0.379],[-2.621,-1.51],[-0.466,-0.126],[0,0],[0.002,-1.598],[-1.191,-0.668],[0,0],[-2.962,0],[-1.385,0.771],[0,0],[0,0.538],[-2.908,0.782],[-0.424,0.243],[0,0],[-1.129,-1.132],[-1.314,0.371],[-2.112,2.105],[-0.433,1.523],[0,0],[0.38,0.381],[-1.51,2.621],[-0.127,0.464],[0,0],[0,0],[0,0],[-1.593,0],[-0.668,1.192],[-0.002,2.983],[0.77,1.383],[0,0],[0.54,0.001],[0.783,2.904],[0.243,0.425],[0,0],[-1.13,1.127],[0.37,1.314],[2.104,2.11],[1.52,0.426],[0,0],[0.381,-0.38],[2.616,1.507],[0.466,0.126],[0,0],[-0.003,1.598],[1.191,0.668],[0,0],[2.962,0],[1.385,-0.773],[0,0],[0,-0.538],[2.906,-0.782],[0.424,-0.242],[0,0],[1.128,1.131],[1.318,-0.37],[2.109,-2.101],[0.436,-1.528],[0,0],[-0.379,-0.381],[1.509,-2.618],[0.127,-0.465],[0,0],[0,0],[0,0],[1.596,0],[0.67,-1.193],[0.003,-2.977]],"v":[[44.846,-6.154],[44.846,-6.156],[41.004,-8.406],[35.32,-8.413],[34.175,-9.221],[30.731,-17.55],[30.97,-18.936],[35,-22.955],[36.136,-27.261],[32.781,-32.695],[27.357,-36.063],[23.05,-34.938],[19.019,-30.919],[17.633,-30.684],[9.31,-34.15],[8.509,-35.298],[8.516,-40.98],[6.278,-44.827],[0.062,-46.298],[0.039,-46.298],[-6.157,-44.844],[-8.406,-41.003],[-8.415,-35.32],[-9.218,-34.173],[-17.551,-30.731],[-18.937,-30.971],[-22.957,-34.999],[-27.26,-36.137],[-32.693,-32.781],[-36.064,-27.354],[-34.938,-23.049],[-30.92,-19.02],[-30.684,-17.632],[-34.15,-9.309],[-35.298,-8.508],[-35.299,-8.508],[-40.982,-8.516],[-40.988,-8.516],[-44.83,-6.273],[-46.299,-0.061],[-44.842,6.163],[-41.004,8.407],[-35.322,8.415],[-34.175,9.221],[-30.732,17.549],[-30.97,18.938],[-35.001,22.958],[-36.137,27.26],[-32.782,32.693],[-27.35,36.066],[-23.05,34.939],[-19.019,30.919],[-17.633,30.686],[-9.311,34.152],[-8.51,35.299],[-8.516,40.982],[-6.279,44.829],[-0.063,46.298],[-0.039,46.298],[6.157,44.846],[8.406,41.004],[8.414,35.32],[9.218,34.176],[17.551,30.732],[18.936,30.971],[22.956,35.001],[27.253,36.141],[32.692,32.781],[36.062,27.361],[34.939,23.051],[30.918,19.021],[30.684,17.633],[34.149,9.311],[35.298,8.508],[35.299,8.508],[40.981,8.517],[40.987,8.517],[44.824,6.285],[46.298,0.062]],"c":true},"ix":2},"nm":"ÐÐ¾Ð½ÑÑÑ 2","mn":"ADBE Vector Shape - Group","hd":false},{"ty":"mm","mm":1,"nm":"ÐÐ±ÑÐµÐ´Ð¸Ð½Ð¸ÑÑ ÐºÐ¾Ð½ÑÑÑÑ 1","mn":"ADBE Vector Filter - Merge","hd":false},{"ty":"fl","c":{"a":0,"k":[0.161000001197,0.169000004787,0.176000004189,1],"ix":4},"o":{"a":0,"k":100,"ix":5},"r":1,"bm":0,"nm":"ÐÐ°Ð»Ð¸Ð²ÐºÐ° 1","mn":"ADBE Vector Graphic - Fill","hd":false},{"ty":"tr","p":{"a":0,"k":[46.551,46.548],"ix":2},"a":{"a":0,"k":[0,0],"ix":1},"s":{"a":0,"k":[100,100],"ix":3},"r":{"a":0,"k":0,"ix":6},"o":{"a":0,"k":100,"ix":7},"sk":{"a":0,"k":0,"ix":4},"sa":{"a":0,"k":0,"ix":5},"nm":"ÐÑÐµÐ¾Ð±ÑÐ°Ð·Ð¾Ð²Ð°ÑÑ"}],"nm":"ÐÑÑÐ¿Ð¿Ð° 2","np":4,"cix":2,"bm":0,"ix":2,"mn":"ADBE Vector Group","hd":false}],"ip":0,"op":426,"st":0,"bm":0}],"markers":[]}